{
  "weightSets": {
    "test": {
      "weights": {
        "randomBias": 0.28458717884495854,
        "upBias": 0.3640812458470464,
        "downBias": -0.9047143049538136,
        "leftBias": 0.3564878744073212,
        "rightBias": -0.09058581106364727,
        "emptyCells": 0.7221773574128747,
        "hPairs": 0.42885784711688757,
        "vPairs": 0.5457309461198747,
        "maxVal": 0.2546499357558787,
        "filledCols": -0.5565687231719494,
        "filledRows": -0.02901927148923278,
        "lockedCells": -0.19933633087202907
      },
      "rawFitness": 12303.2,
      "fitness": 1427825897.9845643,
      "fitnessMeasure": "score"
    },
    "lookahead_2": {
      "weights": {
        "randomBias": 0.02809830429032445,
        "upBias": -0.9495922466740012,
        "downBias": 0.8746085399761796,
        "leftBias": 0.887634779792279,
        "rightBias": 0.16475377837195992,
        "emptyCells": 0.3643483077175915,
        "hPairs": 0.8223549798130989,
        "vPairs": 0.9044259455986321,
        "maxVal": 0.5932102198712528,
        "filledCols": 0.08707817969843745,
        "filledRows": -0.5868596811778843,
        "lockedCells": -0.17454146826639771
      },
      "rawFitness": 10117.6,
      "fitness": 10117.6,
      "fitnessMeasure": "score"
    },
    "lookahead_mv": {
      "weights": {
        "randomBias": 0.13527957862243056,
        "upBias": 0.8872773167677224,
        "downBias": -0.5815978674218059,
        "leftBias": 0.5140415458008647,
        "rightBias": -0.26215602504089475,
        "emptyCells": 0.5967530817724764,
        "hPairs": 0.28665489237755537,
        "vPairs": 0.9960453785024583,
        "maxVal": 0.872288198210299,
        "filledCols": -0.5823901635594666,
        "filledRows": -0.743896720930934,
        "lockedCells": 0.5396598996594548
      },
      "rawFitness": 819.2,
      "fitness": 6.129244227650333,
      "fitnessMeasure": "maxval"
    },
    "test3": {
      "weights": {
        "randomBias": 0.14737190184075005,
        "upBias": 0.12583319334475546,
        "downBias": 0.3977331961455049,
        "leftBias": 0.4149142177398355,
        "rightBias": 0.25336763019215547,
        "emptyCells": 0.597260765285013,
        "hPairs": 0.6466984695282718,
        "vPairs": 0.7597727150829141,
        "maxVal": 0.044006366691239286,
        "filledCols": -0.4794424804353543,
        "filledRows": -0.3655225815869224,
        "lockedCells": 0.20423370498569768
      },
      "rawFitness": 5641.466666666666,
      "fitness": 91.77325393847399,
      "fitnessMeasure": "score"
    }
  }
}
